Code__c,Name,IsActive__c
0087,ANZ - AUSTRALIA SUBSIDIARY,TRUE
0088,ANZ - AUSTRALIA,TRUE
0089,ANZ - OFFSHORE,TRUE
0090,ANZ - OFFSHORE SUBSIDIARY,TRUE
0108,Berry Fruit Growing,TRUE
0109,Citrus Growing,TRUE
0110,Horticulture Glasshouses,TRUE
0111,PLANT NURSERIES,TRUE
0112,CUT FLOWER & FLOWER SEED GROWING,TRUE
0113,VEGETABLE GROWING,TRUE
0114,GRAPE GROWING,TRUE
0115,APPLE & PEAR GROWING,TRUE
0116,STONE FRUIT GROWING,TRUE
0117,KIWI FRUIT GROWING,TRUE
0118,CITRUS FRUIT GROWING,TRUE
0119,FRUIT GROWING n.e.c.,TRUE
0121,Intensive Cropping,TRUE
0122,Grain Growing With Some Finishing Stock,TRUE
0123,Sheep - High Country South Island,TRUE
0124,Sheep/Beef Hill Country Breeding/ Predominantly Store,TRUE
0125,Sheep/Beef Hill Country Breeding/Predominantly Finishing,TRUE
0126,Sheep - Intensive Finishing,TRUE
0127,Beef Farming - Breeding/Finishing/Trade,TRUE
0130,DAIRY CATTLE FARMING,TRUE
0131,Dairy Farming Town Milk/Winter Contract,TRUE
0132,Share Milking (Own Herd),TRUE
0133,Dairy Farming - Seasonal Supply,TRUE
0134,Contract Milking,TRUE
0141,POULTRY FARMING (MEAT),TRUE
0142,POULTRY FARMING (EGGS),TRUE
0151,PIG FARMING,TRUE
0152,HORSE FARMING,TRUE
0153,DEER FARMING,TRUE
0154,Bee Keeping,TRUE
0155,Goat Farming,TRUE
0159,LIVESTOCK FARMING n.e.c.,TRUE
0161,SUGAR CANE GROWING,TRUE
0162,Cotton Growing,TRUE
0163,DRY LAND COTTON GROWING,TRUE
0164,IRRIGATED COTTON GROWING,TRUE
0165,COTTON GROWING n.e.c.,TRUE
0166,TOBACCO GROWING,TRUE
0169,CROP & PLANT GROWING n.e.c.,TRUE
0171,GRAIN GROWING (EXCEPT WHEAT),TRUE
0172,WHEAT GROWING,TRUE
0173,GRAIN-SHEEP & GRAIN- BEEF CATTLE FARMING,TRUE
0174,SHEEP-BEEF CATTLE FARMING,TRUE
0175,SHEEP FARMING FOR WOOL,TRUE
0176,SHEEP FARMING FOR MEAT,TRUE
0177,SHEEP FARMING (EXCEPT FOR WOOL OR MEAT),TRUE
0178,BEEF CATTLE FARMING,TRUE
0211,COTTON GINNING,TRUE
0212,SHEARING SERVICES,TRUE
0213,AERIAL AGRICULTURAL SERVICES,TRUE
0214,Kiwifruit - Packhouse/Coolstore Only,TRUE
0215,Other Horticultural Packhouse/Coolstore,TRUE
0216,Agricultural Contract Services,TRUE
0217,Horticultural Contract Services,TRUE
0218,Grain Drying And Seed Dressing,TRUE
0219,SERVICES TO AGRICULTURE n.e.c.,TRUE
0220,HUNTING & TRAPPING,TRUE
0301,FORESTRY,TRUE
0302,LOGGING,TRUE
0303,SERVICES TO FORESTRY,TRUE
0411,ROCK LOBSTER FISHING,TRUE
0412,PRAWN FISHING,TRUE
0413,Finfish Trawling,TRUE
0414,SQUID JIGGING,TRUE
0415,LINE FISHING,TRUE
0416,TUNA FISHING,TRUE
0417,FINFISH FISHING (EXCEPT TUNA),TRUE
0418,Oyster Fishing,TRUE
0419,MARINE FISHING n.e.c.,TRUE
0420,AQUACULTURE,TRUE
0421,Oyster Farming,TRUE
0422,Mussel Farming,TRUE
0423,Prawn Farming,TRUE
0424,Salmon And Trout Farming,TRUE
0429,Aquaculture N.E.C.,TRUE
1101,BLACK COAL MINING,TRUE
1102,BROWN COAL MINING,TRUE
1200,OIL & GAS EXTRACTION,TRUE
1311,IRON ORE MINING,TRUE
1312,BAUXITE MINING,TRUE
1313,COPPER ORE MINING,TRUE
1314,GOLD ORE MINING,TRUE
1315,MINERAL SAND MINING,TRUE
1316,NICKEL ORE MINING,TRUE
1317,SILVER/LEAD/ZINC ORE MINING,TRUE
1319,METAL ORE MINING n.e.c.,TRUE
1411,GRAVEL & SAND QUARRYING,TRUE
1412,Limestone Quarrying,TRUE
1419,CONSTRUCTION MATERIAL MINING,TRUE
1420,MINING n.e.c.,TRUE
1511,PETROLEUM EXPLORATION (OWN ACCOUNT),TRUE
1512,PETROLEUM EXPLORATION SERVICE,TRUE
1513,MINERAL EXPLORATION (OWN ACCOUNT),TRUE
1514,MINERAL EXPLORATION SERVICES,TRUE
1520,OTHER MINING SERVICES,TRUE
2111,MEAT PROCESSING,TRUE
2112,POULTRY PROCESSING,TRUE
2113,BACON HAM & SMALLGOOD MFG,TRUE
2121,MILK & CREAM PROCESSING,TRUE
2122,ICE CREAM MANUFACTURING,TRUE
2123,Cheese Manufacturing,TRUE
2129,DAIRY PRODUCTS MFG n.e.c.,TRUE
2130,FRUIT & VEGETABLE PROCESSING,TRUE
2140,OIL & FAT MFG,TRUE
2151,FLOUR MILL PRODUCT MFG,TRUE
2152,CEREAL FOOD & BAKING MIX MFG,TRUE
2161,BREAD MANUFACTURING,TRUE
2162,CAKE & PASTRY MFG,TRUE
2163,BISCUIT MANUFACTURING,TRUE
2171,SUGAR MANUFACTURING,TRUE
2172,CONFECTIONERY MANUFACTURING,TRUE
2173,SEAFOOD PROCESSING,TRUE
2174,PREPARED ANIMAL & BIRD FEED MFG,TRUE
2179,FOOD MFG n.e.c.,TRUE
2181,SOFT DRINK CORDIAL & SYRUP MFG,TRUE
2182,BEER & MALT MFG,TRUE
2183,WINE MANUFACTURING,TRUE
2184,SPIRIT MANUFACTURING,TRUE
2190,TOBACCO PRODUCTS MFG,TRUE
2211,WOOL SCOURING,TRUE
2212,SYNTHETIC FIBRE TEXTILE MFG,TRUE
2213,COTTON TEXTILE MFG,TRUE
2214,WOOL TEXTILE MFG,TRUE
2215,TEXTILE FINISHING,TRUE
2221,MADE-UP TEXTILE PRODUCT MFG,TRUE
2222,TEXTILE FLOOR COVERING MFG,TRUE
2223,ROPE CORDAGE & TWINE MFG,TRUE
2229,TEXTILE PRODUCT MFG n.e.c.,TRUE
2231,HOSIERY MANUFACTURING,TRUE
2232,CARDIGAN & PULLOVER MFG,TRUE
2239,KNITTING MILL PRODUCT MFG n.e.c.,TRUE
2241,MEN'S & BOY'S WEAR MFG,TRUE
2242,WOMEN'S & GIRL'S WEAR MFG,TRUE
2243,SLEEPWEAR UNDERWEAR & INFANT CLOTHING MFG,TRUE
2249,CLOTHING MFG n.e.c.,TRUE
2250,FOOTWEAR MFG,TRUE
2261,LEATHER TANNING & FUR DRESSING,TRUE
2262,LEATHER & LEATHER SUBSTITUTE PRODUCT MFG,TRUE
2311,LOG SAWMILLING,TRUE
2312,WOOD CHIPPING,TRUE
2313,TIMBER RESAWING & DRESSING,TRUE
2321,PLYWOOD & VENEER MFG,TRUE
2322,FABRICATED WOOD MFG,TRUE
2323,WOODEN STRUCTURAL COMPONENT MFG,TRUE
2329,WOOD PRODUCT MFG n.e.c.,TRUE
2331,PULP PAPER & PAPERBOARD MFG,TRUE
2332,SOLID PAPERBOARD CONTAINER MFG,TRUE
2333,CORRUGATED PAPERBOARD CONTAINER MFG,TRUE
2334,PAPER BAG & SACK MFG,TRUE
2339,PAPER PRODUCT MFG,TRUE
2411,PAPER STATIONERY MFG,TRUE
2412,PRINTING,TRUE
2413,SERVICES TO PRINTING,TRUE
2421,NEWSPAPER PRINTING OR PUBLISHING,TRUE
2422,OTHER PERIODICAL PUBLISHING,TRUE
2423,BOOK & OTHER PUBLISHING,TRUE
2430,RECORDED MEDIA MFG & PUBLISHING,TRUE
2510,PETROLEUM REFINING,TRUE
2520,PETROLEUM & COAL PRODUCT MFG n.e.c.,TRUE
2531,FERTILIZER MFG,TRUE
2532,INDUSTRIAL GAS MFG,TRUE
2533,SYNTHETIC RESIN MFG,TRUE
2534,ORGANIC INDUSTRIAL CHEMICAL MFG n.e.c.,TRUE
2535,INORGANIC INDUSTRIAL CHEMICAL MFG,TRUE
2541,EXPLOSIVE MFG,TRUE
2542,PAINT MFG,TRUE
2543,MEDICINAL & PHARMACEUTICAL PRODUCT MFG,TRUE
2544,PESTICIDE MFG,TRUE
2545,SOAP & OTHER DETERGENT MFG,TRUE
2546,COSMETIC & TOILETRY PREPARATION MFG,TRUE
2547,INK MFG,TRUE
2549,CHEMICAL PRODUCT MFG,TRUE
2551,RUBBER TYRE MFG,TRUE
2559,RUBBER PRODUCT MFG n.e.c.,TRUE
2561,PLASTIC BLOW MOULDED PRODUCT MFG,TRUE
2562,PLASTIC EXTRUDED PRODUCT MFG,TRUE
2563,PLASTIC BAG & FILM MFG,TRUE
2564,PLASTIC PROD RIGID FIBRE REINFORCED MFG,TRUE
2565,PLASTIC FOAM PRODUCT MFG,TRUE
2566,PLASTIC INJECTION MOULDED PRODUCT MFG,TRUE
2610,GLASS & GLASS PRODUCT MFG,TRUE
2621,CLAY BRICK MFG,TRUE
2622,CERAMIC PRODUCT MFG,TRUE
2623,CERAMIC TILE & PIPE MFG,TRUE
2629,CERAMIC PRODUCT MFG nec,TRUE
2631,CEMENT & LIME MFG,TRUE
2632,PLASTER PRODUCT MFG,TRUE
2633,CONCRETE SLURRY MFG,TRUE
2634,CONCRETE PIPE & BOX CULVERT MFG,TRUE
2635,CONCRETE PRODUCT MFG n.e.c.,TRUE
2640,NON-METALLIC MINERAL PRODUCT MFG n.e.c.,TRUE
2711,BASIC IRON & STEEL MFG,TRUE
2712,IRON & STEEL CASTING & FORGING,TRUE
2713,STEEL PIPE & TUBE MFG,TRUE
2721,ALUMINA PRODUCTION,TRUE
2722,ALUMINIUM SMELTING,TRUE
2723,COPPER SILVER LEAD & ZINC SMELTING REFINING,TRUE
2729,BASIC NON-FERROUS METAL MFG,TRUE
2731,ALUMINIUM ROLLING DRAWING EXTRUDING,TRUE
2732,NON-FERROUS METAL ROLLING DRAWING EXTRUDING nec,TRUE
2733,NON-FERROUS METAL CASTING,TRUE
2741,STRUCTURAL STEEL FABRICATING,TRUE
2742,ARCHITECTURAL ALUMINIUM PRODUCT MFG,TRUE
2749,STRUCTURAL METAL PRODUCT MFG,TRUE
2751,METAL CONTAINER MFG,TRUE
2759,SHEET METAL PRODUCT MFG,TRUE
2761,HAND TOOL & GENERAL HARDWARE MFG,TRUE
2762,SPRING & WIRE PRODUCT MFG,TRUE
2763,NUT BOLT SCREW & RIVET MFG,TRUE
2764,METAL COATING & FINISHING,TRUE
2765,NON-FERROUS PIPE FITTING MFG,TRUE
2769,FABRICATED METAL PRODUCT MFG,TRUE
2811,MOTOR VEHICLE MFG,TRUE
2812,MOTOR VEHICLE BODY MFG,TRUE
2813,AUTOMOTIVE ELECTRICAL & INSTRUMENT MFG,TRUE
2819,AUTOMOTIVE COMPONENT MFG n.e.c.,TRUE
2821,SHIPBUILDING,TRUE
2822,BOATBUILDING,TRUE
2823,RAILWAY EQUIPMENT MFG,TRUE
2824,AIRCRAFT MFG,TRUE
2829,TRANSPORT EQUIPMENT MFG n.e.c.,TRUE
2831,PHOTOGRAPHIC & OPTICAL GOODS MFG,TRUE
2832,MEDICAL & SURGICAL EQUIPMENT MFG,TRUE
2839,PROFESSIONAL & SCIENTIFIC EQUIPMENT MFG n.e.c.,TRUE
2841,COMPUTER & BUSINESS MACHINE MFG,TRUE
2842,TELECOMMUNICATION BROADCASTING & TRANSCEIVING EQUIPMENT MFG,TRUE
2849,ELECTRONIC EQUIPMENT MFG n.e.c.,TRUE
2851,HOUSEHOLD APPLIANCE MFG,TRUE
2852,ELECTRIC CABLE & WIRE MFG,TRUE
2853,BATTERY MFG,TRUE
2854,ELECTRIC LIGHT & SIGN MFG,TRUE
2859,ELECTRICAL & EQUIPMENT MFG n.e.c.,TRUE
2861,AGRICULTURAL MACHINERY MFG,TRUE
2862,MINING & CONSTRUCTION MACHINERY MFG,TRUE
2863,FOOD PROCESSING MACHINERY MFG,TRUE
2864,MACHINE TOOL & PART MFG,TRUE
2865,LIFTING & MATERIAL HANDLING EQUIPMENT MFG,TRUE
2866,PUMP & COMPRESSOR MFG,TRUE
2867,COMMERCIAL SPACE HEATING & COOLING EQUIPMENT MFG,TRUE
2869,INDUSTRIAL MACHINERY EQUIPMENT MFG n.e.c.,TRUE
2911,PREFABRICATED METAL BUILDING MFG,TRUE
2919,PREFABRICATED BUILDING MFG n.e.c.,TRUE
2921,WOOD FURNITURE & UPHOLSTERED SEAT MFG,TRUE
2922,SHEET METAL FURNITURE MFG,TRUE
2923,MATTRESS MFG (EXCEPT RUBBER),TRUE
2929,FURNITURE MFG n.e.c.,TRUE
2941,JEWELLERY & SILVERWARE MFG,TRUE
2942,TOY & SPORTING GOODS MFG,TRUE
2949,MANUFACTURING n.e.c.,TRUE
3611,ELECTRICITY GENERATION,TRUE
3612,ELECTRICITY DISTRIBUTION,TRUE
3613,ELECTRICITY SUPPLY,TRUE
3620,GAS SUPPLY,TRUE
3701,WATER SUPPLY,TRUE
3702,SEWERAGE & DRAINAGE SERVICES,TRUE
4111,HOUSE CONSTRUCTION,TRUE
4112,RESIDENTIAL BUILDING CONSTRUCTION n.e.c.,TRUE
4113,NON-RESIDENTIAL BUILDING CONSTRUCTION,TRUE
4121,ROAD & BRIDGE CONSTRUCTION,TRUE
4122,NON-BUILDING CONSTRUCTION,TRUE
4210,SITE PREPARATION SERVICES,TRUE
4211,Earthmoving,TRUE
4221,CONCRETING SERVICES,TRUE
4222,BRICKLAYING SERVICES,TRUE
4223,ROOFING SERVICES,TRUE
4224,STRUCTURAL STEEL ERECTION SERVICES,TRUE
4231,PLUMBING SERVICES,TRUE
4232,ELECTRICAL SERVICES,TRUE
4233,AIR CONDITIONING & HEATING SERVICES,TRUE
4234,FIRE & SECURITY SYSTEM SERVICES,TRUE
4241,PLASTERING & CEILING SERVICES,TRUE
4242,CARPENTRY SERVICES,TRUE
4243,TILING & CARPETING SERVICES,TRUE
4244,PAINTING & DECORATING SERVICES,TRUE
4245,GLAZING SERVICES,TRUE
4251,LANDSCAPING SERVICES,TRUE
4259,CONSTRUCTION SERVICES n.e.c.,TRUE
4511,WOOL WHOLESALING,TRUE
4512,CEREAL GRAIN WHOLESALING,TRUE
4513,COMMODITY TRADING COMPANIES – AGRI & SOFTS,TRUE
4519,FARM PRODUCE & SUPPLIES WHOLESALING,TRUE
4521,PETROLEUM PRODUCT WHOLESALING,TRUE
4522,METAL & MINERAL WHOLESALING,TRUE
4523,CHEMICAL WHOLESALING,TRUE
4525,COMMODITY TRADING COMPANIES – ENERGY,TRUE
4526,COMMODITY TRADING COMPANIES – METALS,TRUE
4531,TIMBER WHOLESALING,TRUE
4539,BUILDING SUPPLIES WHOLESALING,TRUE
4611,FARM & CONSTRUCTION MACHINERY WHOLESALING,TRUE
4612,PROFESSIONAL EQUIPMENT WHOLESALING,TRUE
4613,COMPUTER WHOLESALING,TRUE
4614,BUSINESS MACHINE WHOLESALING,TRUE
4615,ELECTRICAL & ELECTRONIC EQUIPMENT WHOLESALING,TRUE
4619,MACHINERY & EQUIPMENT WHOLESALING n.e.c.,TRUE
4621,CAR WHOLESALING,TRUE
4622,COMMERCIAL VEHICLE WHOLESALING,TRUE
4623,MOTOR VEHICLE NEW PART DEALING,TRUE
4624,MOTOR VEHICLE DISMANTLING & USED PART DEALING,TRUE
4711,MEAT WHOLESALING,TRUE
4712,POULTRY & SMALLGOOD WHOLESALING,TRUE
4713,DAIRY PRODUCE WHOLESALING,TRUE
4714,FISH WHOLESALING,TRUE
4715,FRUIT & VEGETABLE WHOLESALING,TRUE
4716,CONFECTIONERY & SOFT DRINK WHOLESALING,TRUE
4717,LIQUOR WHOLESALING,TRUE
4718,TOBACCO PRODUCT WHOLESALING,TRUE
4719,GROCERY WHOLESALING,TRUE
4721,TEXTILE PRODUCT WHOLESALING,TRUE
4722,CLOTHING WHOLESALING,TRUE
4723,FOOTWEAR WHOLESALING,TRUE
4731,HOUSEHOLD APPLIANCE WHOLESALING,TRUE
4732,FURNITURE WHOLESALING,TRUE
4733,FLOOR COVERING WHOLESALING,TRUE
4739,HOUSEHOLD GOODS WHOLESALING,TRUE
4791,PHOTOGRAPHIC EQUIPMENT WHOLESALING,TRUE
4792,JEWELLERY & WATCH WHOLESALING,TRUE
4793,TOY & SPORTING GOOD WHOLESALING,TRUE
4794,BOOK & MAGAZINE WHOLESALING,TRUE
4795,PAPER PRODUCT WHOLESALING,TRUE
4796,PHARMACEUTICAL TOILETRY WHOLESALING,TRUE
4799,WHOLESALING n.e.c.,TRUE
5110,SUPERMARKET & GROCERY STORES,TRUE
5111,Supermarkets,TRUE
5112,Grocery Stores,TRUE
5113,Dairies,TRUE
5121,FRESH MEAT FISH & POULTRY RETAILING,TRUE
5122,FRUIT & VEGETABLE RETAILING,TRUE
5123,LIQUOR RETAILING,TRUE
5124,BREAD & CAKE RETAILING,TRUE
5125,TAKEAWAY FOOD RETAILING,TRUE
5126,MILK VENDING,TRUE
5129,SPECIALISED FOOD RETAILING n.e.c.,TRUE
5210,DEPARTMENT STORE,TRUE
5221,CLOTHING RETAILING,TRUE
5222,FOOTWEAR RETAILING,TRUE
5223,FABRICS & OTHER SOFT GOODS RETAILING,TRUE
5231,FURNITURE RETAILING,TRUE
5232,FLOOR COVERING RETAILING,TRUE
5233,DOMESTIC HARDWARE & HOUSEWARE RETAILING,TRUE
5234,DOMESTIC APPLIANCE RETAILING,TRUE
5235,RECORDED MUSIC RETAILING,TRUE
5241,SPORT & CAMPING EQUIPMENT RETAILING,TRUE
5242,TOY & GAME RETAILING,TRUE
5243,NEWSPAPER BOOK & STATIONERY RETAILING,TRUE
5244,PHOTOGRAPHIC EQUIPMENT RETAILING,TRUE
5245,MARINE EQUIPMENT RETAILING,TRUE
5251,PHARMACEUTICAL COSMETIC & TOILETRY RETAILING,TRUE
5252,ANTIQUE & USED GOODS RETAILING,TRUE
5253,GARDEN SUPPLIES RETAILING,TRUE
5254,FLOWER RETAILING,TRUE
5255,WATCH & JEWELLERY RETAILING,TRUE
5256,Used Goods Retailing,TRUE
5257,Firewood And Coal Retailing,TRUE
5258,Farm Equipment Retailing,TRUE
5259,RETAILING n.e.c.,TRUE
5261,HOUSEHOLD EQUIPMENT REPAIR SERVICES (ELECTRICAL),TRUE
5269,HOUSEHOLD EQUIPMENT REPAIR SERVICES n.e.c.,TRUE
5311,CAR RETAILING,TRUE
5312,MOTOR CYCLE DEALING,TRUE
5313,TRAILER & CARAVAN DEALING,TRUE
5314,Tractor Retailing,TRUE
5321,AUTOMOTIVE FUEL RETAILING,TRUE
5322,AUTOMOTIVE ELECTRICAL SERVICES,TRUE
5323,SMASH REPAIRING,TRUE
5324,TYRE RETAILING,TRUE
5325,Auto Trimming/Car Painting,TRUE
5329,AUTOMOTIVE REPAIR & SERVICES n.e.c.,TRUE
5711,HOTEL ACCOMMODATION (3STAR AND BELOW),TRUE
5712,HOTEL ACCOMMODATION (4 STAR AND ABOVE),TRUE
5713,MOTEL ACCOMMODATION,TRUE
5714,RESORT ACCOMMODATION,TRUE
5715,Camping Grounds,TRUE
5716,Backpackers/Hostels,TRUE
5719,OTHER ACCOMMODATION,TRUE
5721,PUBS/TAVERNS/BARS/HOTELS WITH GAMING,TRUE
5722,PUBS/TAVERNS/BARS/HOTELS WITHOUT GAMING,TRUE
5723,NIGHT CLUBS & DISCOS,TRUE
5724,HOTELS - MAINLY DRINKING PLACES,TRUE
5725,NIGHT CLUBS,TRUE
5729,DRINKING PLACES n.e.c.,TRUE
5730,CAFES & RESTAURANTS,TRUE
5732,Coffee Shops/Lunch Bars,TRUE
5741,LICENSED CLUBS WITH GAMBLING FACILITIES,TRUE
5742,LICENSED CLUBS WITHOUT GAMBLING,TRUE
5749,HOSPITALITY CLUBS n.e.c.,TRUE
6110,ROAD FREIGHT TRANSPORT,TRUE
6111,Refrigerated Road Freight,TRUE
6112,Road Freight (Logging),TRUE
6113,Road Freight (Livestock And Rural),TRUE
6119,Road Freight N.E.C,TRUE
6121,LONG DISTANCE BUS TRANSPORT,TRUE
6122,SHORT DISTANCE BUS TRANSPORT (INC TRAMWAYS),TRUE
6123,TAXI & OTHER ROAD PASSENGER TRANSPORT,TRUE
6200,RAIL TRANSPORT,TRUE
6301,INTERNATIONAL SEA TRANSPORT,TRUE
6302,COASTAL WATER TRANSPORT,TRUE
6303,INLAND WATER TRANSPORT,TRUE
6401,SCHEDULED INTERNATIONAL AIR TRANSPORT,TRUE
6402,SCHEDULED DOMESTIC AIR TRANSPORT,TRUE
6403,NON-SCHEDULED AIR & SPACE TRANSPORT,TRUE
6501,PIPELINE TRANSPORT,TRUE
6509,TRANSPORT n.e.c.,TRUE
6611,PARKING SERVICES,TRUE
6619,SERVICES TO ROAD TRANSPORT n.e.c.,TRUE
6621,STEVEDORING,TRUE
6622,WATER TRANSPORT TERMINALS,TRUE
6623,PORT OPERATORS,TRUE
6629,SERVICES TO WATER TRANSPORT n.e.c.,TRUE
6630,SERVICES TO AIR TRANSPORT,TRUE
6641,TRAVEL AGENCY SERVICES,TRUE
6642,ROAD FREIGHT FORWARDING,TRUE
6643,FREIGHT FORWARDING (EXCEPT ROAD),TRUE
6644,CUSTOMS AGENCY SERVICE,TRUE
6649,SERVICES TO TRANSPORT n.e.c.,TRUE
6701,GRAIN STORAGE,TRUE
6702,Cool/Cold Storage,TRUE
6709,STORAGE n.e.c.,TRUE
7111,POSTAL SERVICES,TRUE
7112,COURIER SERVICES,TRUE
7120,TELECOMMUNICATIONS SERVICES,TRUE
7310,CENTRAL BANKS,TRUE
7326,NZ Banks (M3),TRUE
7330,OTHER FINANCIERS,TRUE
7331,TERMINATING BUILDING SOCIETIES,TRUE
7332,CO-OPERATIVE HOUSING SOCIETIES,TRUE
7339,FINANCIERS n.e.c.,TRUE
7341,HOLDING COMPANY OPERATION,TRUE
7342,FRIENDLY SOCIETY OPERATION,TRUE
7347,PERSONAL NON-PROPERTY INVESTORS – FINANCIAL INSTITUTION,TRUE
7348,PERSONAL NON-PROPERTY INVESTORS – CORPORATE,TRUE
7349,SMSF & PERSONAL NON-PROPERTY INVESTORS,TRUE
7351,MERCHANT BANKS,TRUE
7352,BANKS - AUSTRALASIAN & OECD,TRUE
7353,BANKS - NON-OECD,TRUE
7354,BANKS n.e.c.,TRUE
7355,AUTHORISED MONEY MARKET DEALERS,TRUE
7356,MONEY MARKET DEALERS n.e.c.,TRUE
7357,BUILDING SOCIETIES,TRUE
7358,CREDIT UNIONS,TRUE
7359,DEPOSIT TAKING FINANCIERS n.e.c.,TRUE
7411,LIFE INSURANCE,TRUE
7412,SUPERANNUATION FUNDS,TRUE
7421,HEALTH INSURANCE,TRUE
7422,GENERAL INSURANCE,TRUE
7511,FINANCIAL ASSET BROKING SERVICES,TRUE
7512,FUND MANAGERS,TRUE
7513,PROPERTY TRUST MANAGERS,TRUE
7518,DECEASED ESTATES,TRUE
7519,SERVICES TO FINANCE & INVESTMENT n.e.c.,TRUE
7520,SERVICES TO INSURANCE,TRUE
7713,RETIREMENT VILLAGE OPERATORS,TRUE
7714,RESIDENTIAL PROPERTY OPERATORS (EXCEPT RETIREMENT VILLAGES),TRUE
7715,RETIREMENT VILLAGE DEVELOPERS,TRUE
7716,COMMERCIAL PROPERTY OPERATORS (EXC. RETIREMENT VILLAGES),TRUE
7720,REAL ESTATE AGENTS,TRUE
7730,NON-FINANCIAL ASSET INVESTORS,TRUE
7741,MOTOR VEHICLE HIRING,TRUE
7742,OTHER TRANSPORT EQUIPMENT LEASING,TRUE
7743,PLANT HIRING OR LEASING,TRUE
7810,SCIENTIFIC RESEARCH,TRUE
7821,ARCHITECTURAL SERVICES,TRUE
7822,SURVEYING SERVICES,TRUE
7823,CONSULTANT ENGINEERING SERVICES,TRUE
7829,TECHNICAL SERVICES n.e.c.,TRUE
7831,DATA PROCESSING SERVICES,TRUE
7832,INFORMATION STORAGE & RETRIEVAL SERVICES,TRUE
7833,COMPUTER MAINTENANCE SERVICES,TRUE
7834,COMPUTER CONSULTANCY SERVICES,TRUE
7841,LEGAL SERVICES,TRUE
7842,ACCOUNTANCY SERVICES,TRUE
7851,ADVERTISING SERVICES,TRUE
7852,COMMERCIAL ART & DISPLAY SERVICES,TRUE
7853,MARKET RESEARCH SERVICES,TRUE
7854,BUSINESS ADMINISTRATIVE SERVICES,TRUE
7855,BUSINESS MANAGEMENT SERVICES,TRUE
7860,Interior Decorating Service,TRUE
7861,EMPLOYMENT PLACEMENT SERVICES,TRUE
7862,CONTRACT STAFF SERVICES,TRUE
7863,SECRETARIAL SERVICES,TRUE
7864,SECURITY & INVEST SERVICES (EXC POLICE),TRUE
7865,PEST CONTROL SERVICES,TRUE
7866,CLEANING SERVICES,TRUE
7867,CONTRACT PACKING SERVICES,TRUE
7868,Credit Bureau/Debt Collecting Service,TRUE
7869,BUSINESS SERVICES n.e.c.,TRUE
8111,CENTRAL GOVERNMENT ADMINISTRATION,TRUE
8112,STATE GOVERNMENT ADMINISTRATION,TRUE
8113,LOCAL GOVERNMENT ADMINISTRATION,TRUE
8120,JUSTICE,TRUE
8130,FOREIGN GOVERNMENT REPRESENTATION,TRUE
8200,DEFENCE,TRUE
8410,PRE-SCHOOL EDUCATION,TRUE
8424,Special School Education,TRUE
8425,Intermediate Education,TRUE
8431,HIGHER EDUCATION,TRUE
8432,TECHNICAL & FURTHER EDUCATION,TRUE
8440,OTHER EDUCATION,TRUE
8451,PRIVATE PRIMARY EDUCATION,TRUE
8452,PUBLIC PRIMARY EDUCATION,TRUE
8453,PRIVATE SECONDARY EDUCATION,TRUE
8454,PUBLIC SECONDARY EDUCATION,TRUE
8455,PRIVATE COMBINED PRIMARY & SECONDARY EDUCATION,TRUE
8456,PUBLIC COMBINED PRIMARY & SECONDARY EDUCATION,TRUE
8459,OTHER SCHOOL EDUCATION,TRUE
8621,GENERAL PRACTICE MEDICAL SERVICES,TRUE
8622,SPECIALIST MEDICAL SERVICES,TRUE
8623,DENTAL SERVICES,TRUE
8631,PATHOLOGY SERVICES,TRUE
8632,OPTOMETRY & OPTICAL DISPENSING,TRUE
8633,AMBULANCE SERVICES,TRUE
8634,COMMUNITY HEALTH CENTRES,TRUE
8635,PHYSIOTHERAPY SERVICES,TRUE
8636,CHIROPRACTIC SERVICES,TRUE
8639,HEALTH SERVICES n.e.c.,TRUE
8640,VETERINARY SERVICES,TRUE
8651,PUBLIC HOSPITALS (EXCEPT PSYCHIATRIC),TRUE
8652,PRIVATE HOSPITALS (EXC RELIGIOUS CHARITABLE OR PSYCHIATRIC),TRUE
8653,PUBLIC PSYCHIATRIC HOSPITALS,TRUE
8654,PRIVATE PSYCHIATRIC HOSPITALS (EXC RELIGIOUS OR CHARITABLE),TRUE
8655,RELIGIOUS & CHARITABLE HOSPITAL (EXC PSYCHIATRIC),TRUE
8656,RELIGIOUS & CHARITABLE PSYCHIATRIC HOSPITALS,TRUE
8661,PUBLIC NURSING HOMES,TRUE
8662,PRIVATE NURSING HOMES (EXC RELIGIOUS OR CHARITABLE),TRUE
8663,RELIGIOUS & CHARITABLE NURSING HOMES,TRUE
8710,CHILD CARE SERVICES,TRUE
8722,RESIDENTIAL CARE SERVICES n.e.c.,TRUE
8723,PUBLIC ACCOMMODATION FOR THE AGED,TRUE
8724,PRIVATE ACCOMMODATION FOR AGED (EXC RELIGIOUS OR CHARITABLE),TRUE
8725,RELIG & CHARITABLE ACCT FOR THE AGED,TRUE
8726,WELFARE & CHARITABLE ORGANISATIONS,TRUE
8729,NON-RESIDENTIAL CARE SERVICES n.e.c.,TRUE
9111,FILM & VIDEO PRODUCTION,TRUE
9112,FILM & VIDEO DISTRIBUTION,TRUE
9113,MOTION PICTURE EXHIBITION,TRUE
9121,RADIO SERVICES,TRUE
9122,TELEVISION SERVICES,TRUE
9210,LIBRARIES,TRUE
9220,MUSEUMS,TRUE
9231,ZOOLOGICAL & BOTANIC GARDENS,TRUE
9239,RECREATIONAL PARKS & GARDENS,TRUE
9241,MUSIC & THEATRE PRODUCTIONS,TRUE
9242,CREATIVE ARTS,TRUE
9251,SOUND RECORDING STUDIOS,TRUE
9252,PERFORMING ARTS VENUES,TRUE
9259,SERVICES TO THE ARTS n.e.c.,TRUE
9311,HORSE & DOG RACING,TRUE
9312,SPORTS GROUNDS & FACILITIES n.e.c.,TRUE
9313,GOLF COURSES n.e.c.,TRUE
9314,GYMNASIUM,TRUE
9319,SPORTS & SERVICES TO SPORTS n.e.c.,TRUE
9321,LOTTERIES,TRUE
9322,CASINOS,TRUE
9329,GAMBLING SERVICES n.e.c.,TRUE
9330,OTHER RECREATION SERVICES,TRUE
9331,THEME PARK,TRUE
9332,MARINA OPERATION (MAINLY LEISURE),TRUE
9333,Tourist Operation N.E.C.,TRUE
9339,RECREATION SERVICES n.e.c.,TRUE
9511,VIDEO HIRE OUTLETS,TRUE
9519,PERSONAL & HOUSEHOLD GOODS HIRING n.e.c.,TRUE
9521,LAUNDRIES & DRY CLEANERS,TRUE
9522,PHOTOGRAPHIC FILM PROCESSING,TRUE
9523,PHOTOGRAPHIC STUDIOS,TRUE
9524,FUNERAL DIRECTOR CREMATORIA & CEMETERIES,TRUE
9525,GARDENING SERVICES,TRUE
9526,HAIRDRESSING & BEAUTY SALONS,TRUE
9529,PERSONAL SERVICES n.e.c.,TRUE
9610,RELIGIOUS ORGANISATIONS,TRUE
9611,CHURCH TEMPLE OR SYNAGOGUE OPERATION,TRUE
9619,RELIGIOUS ORGANISATION OPERATION n.e.c.,TRUE
9621,BUSINESS & PROFESSIONAL ASSOCIATIONS,TRUE
9622,LABOUR ASSOCIATIONS,TRUE
9623,Social Clubs,TRUE
9624,Flatting Situation (Flatmates),TRUE
9629,INTEREST GROUPS n.e.c.,TRUE
9631,POLICE SERVICES,TRUE
9632,CORRECTIVE CENTRES,TRUE
9633,FIRE BRIGADE SERVICES,TRUE
9634,WASTE DISPOSAL SERVICES,TRUE
9635,Recycling,TRUE
9700,PRIVATE HOUSEHOLDS EMPLOYING STAFF,TRUE
9810,CONSUMER - HOUSING MORTGAGE,TRUE
9820,CONSUMER - RIPL,TRUE
9830,CONSUMER - OTHER,TRUE
9860,HOUSING (BUSINESS RELATED)-SECURED BY MORT,TRUE
9880,HOUSING (BUSINESS RELATED) - UNSECURED,TRUE
9888,CONSUMER HOUSING (BUSINESS RELATED) - TRUSTS,TRUE
9889,CONSUMER HOUSING (BUSINESS RELATED)-NON RESIDENTIAL,TRUE
9890,CONSUMER (BUSINESS RELATED)-NOT CLASSIFIED,TRUE
9990,Family Trust (Household),TRUE